date,demand,season,platt_apag_mom_pct,platt_crude_mom_pct,temp_avg,precip_avg,threshold_temp_days,threshold_rainy_days,possible_working_days,avg_weight
200101,18786.0,0,10.533980582524261,8.54272756206238,-2.617516129032258,2.119862068965517,8.0,0.0,15.0,0.034
200102,31063.0,0,1.6840814516234426,-5.4568179069247496,0.5836428571428571,3.207809523809524,0.0,0.0,20.0,0.0359
200103,95192.0,1,2.7748556767158483,3.1277985617088833,5.205774193548387,0.90388,0.0,0.0,22.0,0.0679
200104,161437.0,1,6.730583630332299,6.120181442587236,12.494833333333334,2.1845,0.0,0.0,21.0,0.0913
200105,176527.0,1,-8.69306201085822,-0.035053750428593045,18.08158064516129,2.0283333333333333,0.0,0.0,23.0,0.1065
200106,174338.0,2,-3.8794032375461085,-8.665839251377594,21.608933333333333,10.140222222222222,0.0,2.0,19.0,0.1117
200107,131949.0,2,8.128636787633802,4.675928893627201,25.357290322580646,12.960758620689656,0.0,2.0,20.0,0.0767
200108,174500.0,2,4.401265250790787,-1.6534009324422394,25.00461290322581,4.561193548387097,0.0,0.0,23.0,0.0765
200109,213406.0,3,-14.150006021919792,-18.619532321646492,20.339766666666666,5.11988888888889,0.0,1.0,19.0,0.0937
200110,162373.0,3,-16.462177673269295,-10.004560707241872,15.055677419354838,4.376214285714285,0.0,1.0,22.0,0.0981
200111,231850.0,3,5.078320028529881,0.9118744371542808,6.308833333333333,0.9278571428571428,0.0,0.0,22.0,0.112
200112,210975.0,0,-1.2014348296009225,3.6642579947678833,0.024193548387096746,1.7560434782608696,0.0,0.0,21.0,0.1085
200201,44976.0,0,7.113677201141533,2.909989792530099,0.7403870967741936,2.93596,1.0,0.0,22.0,0.034
200202,44277.0,0,13.429757672790421,20.74744978441474,1.9958571428571428,0.4697058823529412,0.0,0.0,20.0,0.0359
200203,114824.0,1,10.230535015224017,6.754222316793768,7.5799677419354845,2.8994545454545455,0.0,0.0,21.0,0.0679
200204,157291.0,1,5.611066694574718,0.7325179018055961,13.1694,7.359909090909091,0.0,2.0,20.0,0.0913
200205,217101.0,1,-4.290309322563934,-3.162050812542927,16.659451612903226,4.853192307692307,0.0,1.0,22.0,0.1065
200206,156575.0,2,4.088677952431019,3.1507580309830585,20.91596666666667,3.72012,0.0,0.0,20.0,0.1117
200207,116685.0,2,5.106155727680384,2.3093014610446883,24.28383870967742,8.514838709677418,0.0,2.0,21.0,0.0767
200208,107844.0,2,5.38431933282868,6.207273932708679,23.587774193548388,21.04158064516129,0.0,6.0,16.0,0.0765
200209,151560.0,3,-7.413096686731658,-1.8072524147615843,19.663433333333334,4.49712,0.0,0.0,21.0,0.0937
200210,171889.0,3,-7.015676456331288,-11.417306420032213,12.275193548387097,3.7978181818181813,0.0,0.0,23.0,0.0981
200211,211490.0,3,10.945611866501848,10.375007659470148,4.250966666666667,1.1420454545454546,0.0,0.0,21.0,0.112
200212,177511.0,0,11.415925170033558,8.900514532147552,1.6629354838709678,2.3265357142857144,1.0,0.0,21.0,0.1085
200301,49218.0,0,8.747405969716592,7.116550374918118,-2.432032258064516,1.5385833333333334,7.0,0.0,16.0,0.034
200302,86550.0,0,-9.142366716390459,-8.788076686135227,1.9062142857142859,2.055148148148148,0.0,0.0,20.0,0.0359
200303,70575.0,1,-13.241346737736992,-14.346090631603658,5.666290322580645,2.319695652173913,0.0,0.0,21.0,0.0679
200304,104384.0,1,0.12501458179414726,3.8700048732943415,12.2277,9.167954545454545,0.0,2.0,20.0,0.0913
200305,156171.0,1,5.902524937716391,4.704626626708808,17.296612903225807,8.312541666666666,0.0,3.0,19.0,0.1065
200306,170798.0,2,6.790159872573875,4.75269128815321,20.703366666666668,8.51112,0.0,2.0,19.0,0.1117
200307,119662.0,2,-4.8234180484760465,3.5244581400367903,22.272161290322583,16.543290322580646,0.0,6.0,17.0,0.0767
200308,152750.0,2,-4.497238221440847,-8.279264100194316,23.53767741935484,12.5449,0.0,3.0,18.0,0.0765
200309,158202.0,3,2.4760187522538724,7.512788582998109,20.57606666666667,11.358600000000001,0.0,2.0,20.0,0.0937
200310,190338.0,3,-1.5101254752133308,1.3202518583036005,13.004806451612904,1.778823529411765,0.0,0.0,23.0,0.0981
200311,188538.0,3,-0.9594338749110976,1.694333441030249,9.2963,3.805272727272728,0.0,0.0,20.0,0.112
200312,257198.0,0,5.074981948237678,2.7710359324131906,1.4229354838709676,0.8352727272727273,0.0,0.0,23.0,0.1085
200401,56024.0,0,-0.3657469984893025,-0.9284653442793167,-1.4738709677419355,0.8741363636363637,5.0,0.0,17.0,0.034
200402,55387.0,0,-1.3191632577295165,7.806429529965175,2.503551724137931,2.047521739130435,0.0,0.0,20.0,0.0359
200403,126294.0,1,3.911894104959779,2.713015183945,6.097774193548387,2.2974375,0.0,0.0,23.0,0.0679
200404,164565.0,1,8.98817068018587,9.628477388520661,12.630266666666667,5.853125,0.0,1.0,21.0,0.0913
200405,177861.0,1,-3.4337952643989977,-3.7672993481255967,17.19293548387097,4.826037037037037,0.0,1.0,20.0,0.1065
200406,203095.0,2,0.3878856809210518,3.665930411234597,21.636033333333334,12.012904761904762,0.0,4.0,18.0,0.1117
200407,139521.0,2,4.475333184897745,11.244076821115922,25.00483870967742,12.155233333333333,0.0,5.0,17.0,0.0767
200408,141171.0,2,-3.5590330633867184,-7.776365275963782,24.73709677419355,12.654357142857142,0.0,3.0,19.0,0.0765
200409,165050.0,3,10.189005993532962,5.609124523343745,20.484766666666665,7.304464285714286,0.0,2.0,20.0,0.0937
200410,209923.0,3,-6.556365928327034,-7.069003785981098,13.800451612903224,1.0687727272727272,0.0,0.0,21.0,0.0981
200411,212921.0,3,-14.241067915480244,-1.9667654109694177,8.5694,3.0124000000000004,0.0,0.0,22.0,0.112
200412,233242.0,0,10.85975175844014,10.861838533182988,2.571096774193548,1.440130434782609,0.0,0.0,23.0,0.1085
200501,50864.0,0,10.054307982355827,5.137931085003156,-1.6431290322580645,0.8294074074074075,1.0,0.0,20.0,0.034
200502,30782.0,0,14.779735502097878,14.982353283961402,-1.0343571428571428,1.9611904761904764,4.0,0.0,16.0,0.0359
200503,106588.0,1,12.30715313945594,2.973109521448647,4.454354838709678,3.424304347826087,0.0,0.0,23.0,0.0679
200504,155452.0,1,-1.4965116766432973,-3.825029255104506,12.994233333333334,3.8058500000000004,0.0,0.0,21.0,0.0913
200505,171479.0,1,2.4933916085336127,12.521357701513303,16.80658064516129,4.8659375,0.0,0.0,22.0,0.1065
200506,182879.0,2,1.6877292404139599,3.4172139073279872,22.193766666666665,7.8933478260869565,0.0,2.0,20.0,0.1117
200507,139427.0,2,6.704508445591029,7.139046712192432,24.70448387096774,12.041620689655172,0.0,5.0,16.0,0.0767
200508,160338.0,2,12.880228491934954,-0.11203064580246336,24.74651612903226,11.415366666666667,0.0,2.0,21.0,0.0765
200509,168723.0,3,-1.923556768675616,-4.556160460646696,21.296833333333332,9.649241379310343,0.0,3.0,19.0,0.0937
200510,143223.0,3,-6.2714427094787695,-4.766407511670801,13.853129032258064,2.924653846153846,0.0,1.0,20.0,0.0981
200511,217707.0,3,-0.9949179365540295,3.521401165815785,7.786933333333334,1.7303333333333335,0.0,0.0,22.0,0.112
200512,166600.0,0,6.696929119951145,9.853557234415833,-2.8645483870967743,1.06225,8.0,0.0,14.0,0.1085
200601,54065.0,0,5.746972184636134,-1.428815879534584,0.06238709677419355,1.9896,3.0,0.0,19.0,0.034
200602,87044.0,0,1.9939251739517605,0.3671933671216765,0.7640357142857143,1.7482,3.0,0.0,17.0,0.0359
200603,127679.0,1,4.9755817212650655,10.943519743273722,5.57883870967742,0.6908461538461539,0.0,0.0,23.0,0.0679
200604,137738.0,1,-0.013939376104499246,1.3357386475304267,11.036533333333333,4.172185185185185,0.0,0.0,20.0,0.0913
200605,165099.0,1,-5.559509507768623,0.3384257591186435,17.16616129032258,6.174357142857143,0.0,2.0,21.0,0.1065
200606,162464.0,2,4.655946298189151,6.048749081121785,21.179333333333332,5.985571428571428,0.0,1.0,21.0,0.1117
200607,92099.0,2,-6.129634301361541,-0.5790116869481277,22.925129032258063,22.277677419354838,0.0,10.0,11.0,0.0767
200608,168196.0,2,-11.288810777937952,-13.013957127968611,26.20364516129032,7.1044,0.0,0.0,23.0,0.0765
200609,202589.0,3,0.3843245967741771,-5.670966894481877,19.1723,2.5219615384615386,0.0,0.0,21.0,0.0937
200610,137023.0,3,-6.026849841574,0.5180912850336394,16.408225806451615,2.4394615384615386,0.0,0.0,22.0,0.0981
200611,196023.0,3,1.2564355275581862,3.470553113391639,8.3101,2.8384074074074075,0.0,0.0,22.0,0.112
200612,216782.0,0,3.8465858041329737,-11.416132028048299,1.4163870967741936,1.0244583333333332,2.0,0.0,19.0,0.1085
200701,68866.0,0,4.305132472547157,7.2467485278873145,0.4135161290322581,0.7525,0.0,0.0,23.0,0.034
200702,81741.0,0,4.086472793882656,5.468686305025661,3.691642857142857,2.7433333333333336,0.0,0.0,20.0,0.0359
200703,89081.0,1,11.846521189216276,8.78658807614261,6.469967741935484,4.581888888888889,0.0,1.0,21.0,0.0679
200704,145328.0,1,-0.10571706223623245,1.0043937691072369,11.350466666666668,2.042826086956522,0.0,0.0,21.0,0.0913
200705,193024.0,1,4.348779811268422,1.8263359411563096,17.504580645161287,4.5574814814814815,0.0,0.0,23.0,0.1065
200706,170488.0,2,8.218825852254618,5.6266818094633075,21.561566666666668,3.9795384615384615,0.0,0.0,21.0,0.1117
200707,135429.0,2,-2.924854564746937,-3.0363187415171966,23.442354838709676,8.986870967741936,0.0,1.0,21.0,0.0767
200708,106629.0,2,4.387687325398115,8.873958196309406,25.816967741935485,12.012354838709676,0.0,2.0,21.0,0.0765
200709,125149.0,3,12.932276677398779,5.126222764043087,21.023500000000002,13.180533333333333,0.0,5.0,15.0,0.0937
200710,238845.0,3,12.607827377351622,12.638533519856754,14.599064516129033,2.7422142857142857,0.0,0.0,23.0,0.0981
200711,206931.0,3,-4.143971198758312,-1.4851832343485194,6.548500000000001,2.0370476190476188,0.0,0.0,22.0,0.112
200712,197675.0,0,-0.4638713013768947,2.090007089165069,2.0826774193548387,1.4212962962962963,0.0,0.0,21.0,0.1085
200801,63907.0,0,-0.4148160528814615,3.0375651942471826,-0.747258064516129,1.8484,2.0,0.0,21.0,0.034
200802,52256.0,0,5.144979999638011,7.482007238030652,-0.8848620689655173,0.4672631578947368,1.0,0.0,20.0,0.0359
200803,100278.0,1,5.781667432307658,6.878102312541179,6.667548387096774,2.8088636363636366,0.0,0.0,21.0,0.0679
200804,79290.0,1,12.124255344566205,15.554236911912401,12.8008,3.0806842105263157,0.0,0.0,22.0,0.0913
200805,161611.0,1,7.938877061728822,6.963235179843141,17.20106451612903,5.625227272727273,0.0,1.0,21.0,0.1065
200806,125971.0,2,14.244913722107055,2.7035511275628643,20.287533333333332,7.3575,0.0,2.0,19.0,0.1117
200807,169967.0,2,-7.601296699143168,-14.030435095983618,25.83448387096774,10.28374193548387,0.0,4.0,19.0,0.0767
200808,116731.0,2,-12.071292365410645,-15.020660110872598,24.37141935483871,8.090321428571428,0.0,3.0,18.0,0.0765
200809,139203.0,3,-32.68918126959775,-29.69877772330993,21.103299999999997,2.9823749999999998,0.0,0.0,22.0,0.0937
200810,160750.0,3,-40.53526051377416,-26.07320690751138,15.371354838709678,2.8629411764705885,0.0,0.0,23.0,0.0981
200811,204702.0,3,-5.267704606259871,-18.677835180819578,7.358466666666668,1.4928181818181818,0.0,0.0,20.0,0.112
200812,229107.0,0,13.481588880738427,8.85737027788922,1.2979354838709676,1.1909166666666666,1.0,0.0,22.0,0.1085
200901,56958.0,0,1.739452919516049,-2.3415320752916524,-1.6844838709677419,1.0954347826086956,5.0,0.0,17.0,0.034
200902,117515.0,0,-4.309726602025677,5.792843730880404,3.610071428571428,2.2362380952380954,0.0,0.0,20.0,0.0359
200903,165092.0,1,18.008570900589895,9.902878784965141,6.562290322580646,3.3673499999999996,0.0,0.0,22.0,0.0679
200904,210295.0,1,20.0493144692232,15.474451340639295,12.302200000000001,3.977933333333333,0.0,1.0,21.0,0.0913
200905,216016.0,1,15.646338275503657,19.975188005073964,18.045935483870966,6.84405,0.0,2.0,19.0,0.1065
200906,221919.0,2,0.4860298071400537,-6.613521223487895,21.658966666666668,6.844666666666666,0.0,2.0,20.0,0.1117
200907,152806.0,2,8.598410534546685,10.06087172332375,23.386935483870968,18.360129032258065,0.0,7.0,16.0,0.0767
200908,158132.0,2,-2.5361099658567365,-5.183090750895847,24.161774193548386,6.475966666666666,0.0,2.0,19.0,0.0765
200909,200189.0,3,3.8564539177269763,8.14284342901026,20.5414,3.287058823529412,0.0,0.0,22.0,0.0937
200910,152679.0,3,5.873214464372856,6.238597668580526,14.863612903225807,3.2589130434782607,0.0,0.0,22.0,0.0981
200911,177603.0,3,-0.3403316260572553,-2.950426356611824,7.302033333333333,3.4343076923076925,0.0,0.0,21.0,0.112
200912,187674.0,0,3.3832856293793734,1.6817585993882833,0.37432258064516133,1.58156,3.0,0.0,20.0,0.1085
201001,67431.0,0,-5.280702204489584,-4.185682618333564,-2.5037096774193546,1.45544,8.0,0.0,13.0,0.034
201002,50654.0,0,1.038911049938629,5.215261177250263,1.8447142857142858,3.869869565217391,1.0,1.0,18.0,0.0359
201003,124332.0,1,5.119059319590047,8.119484395226984,5.003225806451613,3.62775,0.0,0.0,23.0,0.0679
201004,184552.0,1,-5.8416338780381105,-8.147580580842885,9.518,3.892333333333333,0.0,0.0,22.0,0.0913
201005,174767.0,1,-3.992213256629129,-3.6384238587966133,16.867774193548385,6.107904761904761,0.0,1.0,20.0,0.1065
201006,210484.0,2,0.21906590795905956,-2.025889609751308,22.110866666666666,3.4144400000000004,0.0,0.0,22.0,0.1117
201007,166157.0,2,1.6292138661468725,2.206752375905907,25.190838709677422,9.78158064516129,0.0,3.0,19.0,0.0767
201008,118586.0,2,-0.9414026825110611,1.3947718551751365,26.594354838709677,14.276032258064516,0.0,5.0,17.0,0.0765
201009,140086.0,3,5.9885068515185935,6.785376954821198,21.4493,12.869538461538461,0.0,3.0,19.0,0.0937
201010,178226.0,3,3.8313511828732327,4.282879700810316,14.077580645161289,2.8700869565217393,0.0,0.0,21.0,0.0981
201011,224234.0,3,3.5932985522771688,6.4504323771109595,6.426466666666667,0.905,0.0,0.0,22.0,0.112
201012,156130.0,0,5.3944437815694135,3.8943166620726277,0.23383870967741932,1.6373846153846154,6.0,0.0,17.0,0.1085
201101,43757.0,0,12.632009389756993,8.34792540389413,-5.509064516129032,0.5238571428571428,19.0,0.0,2.0,0.034
201102,75768.0,0,5.909452182540065,8.4484535355839,1.4128928571428572,4.872375,0.0,1.0,19.0,0.0359
201103,102379.0,1,6.151674285443121,6.7124182091605755,4.165387096774194,1.39895,0.0,0.0,23.0,0.0679
201104,140360.0,1,-5.0508008103096085,-6.57688586027726,10.7834,5.3302499999999995,0.0,1.0,20.0,0.0913
201105,148008.0,1,1.7714350893364594,-0.5582665112862206,17.048870967741934,6.153739130434783,0.0,2.0,20.0,0.1065
201106,180724.0,2,2.440626180204286,2.0623783825798103,21.746766666666666,11.83674074074074,0.0,4.0,18.0,0.1117
201107,131245.0,2,-2.6157770955355097,-4.524103296750859,24.66393548387097,19.392933333333335,0.0,5.0,16.0,0.0767
201108,130201.0,2,0.13902205851012983,1.2265729826434368,24.772193548387097,12.086033333333335,0.0,2.0,21.0,0.0765
201109,177370.0,3,0.842298986706913,-2.212998219099871,20.617466666666665,5.36752380952381,0.0,0.0,22.0,0.0937
201110,186258.0,3,3.7296428506738533,4.855606208390761,13.22358064516129,4.581785714285714,0.0,0.0,21.0,0.0981
201111,179322.0,3,-3.1770146377934627,-2.3562742601010433,10.457500000000001,4.657608695652174,0.0,1.0,21.0,0.112
201112,186791.0,0,8.062929398087793,3.16872454148176,0.08909677419354833,1.0366153846153845,2.0,0.0,20.0,0.1085
201201,87744.0,0,1.8779332766008627,5.792449632547392,-1.787741935483871,1.0805217391304347,3.0,0.0,19.0,0.034
201202,47040.0,0,1.8799956491500902,5.425924994270326,-1.2941379310344827,0.7460357142857144,5.0,0.0,16.0,0.0359
201203,117388.0,1,-2.0556163248112824,-4.2168594206986825,5.2373548387096776,4.148954545454545,0.0,0.0,22.0,0.0679
201204,141686.0,1,-7.992771233555529,-8.515476237529384,12.356733333333333,6.0655238095238095,0.0,1.0,20.0,0.0913
201205,179163.0,1,-11.793748662677839,-11.99642349368515,17.877741935483872,2.411608695652174,0.0,0.0,23.0,0.1065
201206,207355.0,2,4.266593778916583,4.9822157854700455,21.86413333333333,4.396931034482758,0.0,1.0,20.0,0.1117
201207,121266.0,2,8.175992560165902,9.52402783963393,25.156225806451612,11.821428571428571,0.0,4.0,18.0,0.0767
201208,110899.0,2,1.5586864252345345,2.4209880062271205,25.885322580645163,15.711535714285715,0.0,6.0,17.0,0.0765
201209,161211.0,3,-4.599114190206743,-2.1098801932667333,19.715833333333332,11.135333333333334,0.0,3.0,17.0,0.0937
201210,141331.0,3,-5.30363275963921,-1.48055147157502,13.80393548387097,3.2104999999999997,0.0,0.0,23.0,0.0981
201211,176808.0,3,-0.41026625301271435,-0.8564084122480886,5.989966666666667,3.0055454545454547,0.0,0.0,22.0,0.112
201212,148217.0,0,4.547248950649929,1.5020431890847563,-2.4570322580645163,2.4632592592592593,7.0,0.0,14.0,0.1085
201301,49398.0,0,2.9998526432035266,2.925263363775632,-2.7505161290322584,1.3655,10.0,0.0,13.0,0.034
201302,74014.0,0,-2.9021061603392795,-4.988735838536174,0.14524999999999993,2.813842105263158,3.0,1.0,16.0,0.0359
201303,108457.0,1,-3.089777857769782,-3.672666122631796,6.243225806451613,3.5234210526315795,0.0,0.0,21.0,0.0679
201304,144276.0,1,-1.322981237055787,-1.3274714008328359,9.937800000000001,3.6041666666666665,0.0,0.0,22.0,0.0913
201305,176402.0,1,-0.8604979085943265,-0.002432541471875105,17.553032258064516,6.3589,0.0,1.0,22.0,0.1065
201306,222526.0,2,-0.2453209324523531,3.1878857416505646,22.4699,4.978333333333333,0.0,1.0,19.0,0.1117
201307,132075.0,2,1.411227331138587,3.463558455358129,25.991709677419358,14.128633333333333,0.0,3.0,20.0,0.0767
201308,141364.0,2,0.016643159090556914,1.0911378532693528,26.91148387096774,9.063653846153846,0.0,2.0,20.0,0.0765
201309,137056.0,3,1.2767523812946546,-1.5144851630030653,20.659699999999997,6.467260869565217,0.0,1.0,20.0,0.0937
201310,172858.0,3,-1.8905099770386236,-0.6469979296066297,14.956096774193549,3.612409090909091,0.0,1.0,22.0,0.0981
201311,184129.0,3,1.1755549250139774,1.8093151300635046,6.510866666666667,3.2040952380952383,0.0,0.0,21.0,0.112
201312,182314.0,0,-0.43751282770377875,-3.563371638713897,0.8715806451612903,1.40596,0.0,0.0,22.0,0.1085
201401,55139.0,0,0.2829067098679916,0.9764856952547918,-0.05309677419354847,0.9760000000000001,0.0,0.0,23.0,0.034
201402,66464.0,0,-1.7947273088756543,-0.6845984724892284,2.0703214285714284,2.273909090909091,1.0,0.0,19.0,0.0359
201403,85748.0,1,-1.4733116556280845,0.35103816455883674,7.367999999999999,4.191571428571429,0.0,0.0,21.0,0.0679
201404,143005.0,1,1.2015448874458823,0.9379598650796961,13.091533333333333,5.016444444444445,0.0,0.0,22.0,0.0913
201405,163365.0,1,2.443754513051921,2.2402667562584133,18.18683870967742,3.2485999999999997,0.0,0.0,22.0,0.1065
201406,188051.0,2,-1.8700610622606417,-1.7426147496034328,21.5629,4.137964285714285,0.0,0.0,21.0,0.1117
201407,121127.0,2,-1.5953952034129637,-4.159957977915574,24.881677419354837,6.5609,0.0,0.0,23.0,0.0767
201408,116820.0,2,-2.9638232448408797,-5.171199213630406,23.51267741935484,13.800896551724138,0.0,4.0,17.0,0.0765
201409,112830.0,3,-13.159962828309869,-10.205844498000294,20.437566666666665,5.182730769230769,0.0,2.0,20.0,0.0937
201410,139489.0,3,-9.075418505759503,-11.885966599969212,14.328129032258065,7.698666666666666,0.0,1.0,22.0,0.0981
201411,163112.0,3,-22.425201536761584,-21.073231123964618,8.279166666666667,4.231285714285714,0.0,1.0,19.0,0.112
201412,146122.0,0,-21.994251988569392,-24.351754146757877,-1.2838387096774193,1.5235769230769232,2.0,0.0,21.0,0.1085
201501,57119.0,0,22.64714257513265,21.650593135923213,-0.04167741935483875,1.7127272727272727,1.0,0.0,21.0,0.034
201502,67480.0,0,-5.400803456021119,-1.413495642636542,1.5735714285714284,1.53915,1.0,0.0,19.0,0.0359
201503,94809.0,1,6.135859521116371,7.12030435765747,6.357225806451614,2.7676,0.0,0.0,22.0,0.0679
201504,131813.0,1,11.011240019747714,8.552548107422297,12.377466666666667,6.491,0.0,0.0,22.0,0.0913
201505,177035.0,1,-4.280888145298222,-2.7831785041848467,18.323225806451614,3.2768333333333337,0.0,0.0,21.0,0.1065
201506,167016.0,2,-14.791055987647217,-9.09583095414085,21.545433333333335,5.3762083333333335,0.0,1.0,21.0,0.1117
201507,125437.0,2,-21.31716859901648,-15.092529433148737,24.181870967741936,7.622466666666667,0.0,1.0,22.0,0.0767
201508,135935.0,2,-2.091749257725928,-4.855842185128989,24.894290322580645,5.909857142857143,0.0,1.0,20.0,0.0765
201509,152550.0,3,1.1173763535719416,1.021788129226131,20.018633333333334,4.061190476190476,0.0,0.0,22.0,0.0937
201510,166176.0,3,-5.440300900281669,-9.047796122762641,14.533225806451613,3.864,0.0,1.0,21.0,0.0981
201511,155197.0,3,-22.37390353214881,-17.029679761667893,9.615933333333334,5.32,0.0,0.0,21.0,0.112
201512,216398.0,0,-15.474274803170196,-22.49655063665391,2.8670645161290325,1.94192,0.0,0.0,23.0,0.1085
201601,45965.0,0,2.1615866314252274,9.299433331271988,-1.5160967741935485,1.6034347826086957,6.0,0.0,15.0,0.034
201602,60022.0,0,16.415238783950592,19.92717475609258,1.2621724137931034,2.0462307692307693,0.0,0.0,21.0,0.0359
201603,127859.0,1,7.7652421889635725,11.058838891516887,6.811451612903226,3.255727272727273,0.0,0.0,23.0,0.0679
201604,155100.0,1,16.566248298958385,13.42744543003207,13.526733333333334,7.954476190476191,0.0,0.0,21.0,0.0913
201605,185446.0,1,7.795448627407642,4.489274440545898,18.35622580645161,5.7426111111111116,0.0,0.0,22.0,0.1065
201606,207443.0,2,-0.572403059067661,-8.196594046952232,22.13113333333333,3.0201481481481482,0.0,0.0,22.0,0.1117
201607,130442.0,2,0.41471386791656073,2.914841166792792,25.154709677419355,12.460933333333333,0.0,5.0,16.0,0.0767
201608,155746.0,2,5.764789195667963,-0.8529279931849043,26.344516129032257,5.188296296296296,0.0,0.0,23.0,0.0765
201609,158986.0,3,11.151610584850946,13.051147353613501,21.163666666666664,9.186576923076924,0.0,3.0,19.0,0.0937
201610,184584.0,3,-3.1345704263321283,-10.452236659250524,15.380999999999998,5.69637037037037,0.0,1.0,20.0,0.0981
201611,220309.0,3,18.64620888072914,18.76931245441742,7.263133333333333,1.58964,0.0,0.0,22.0,0.112
201612,219572.0,0,2.0121416163750627,3.1073991133860446,2.3296129032258066,3.003375,0.0,0.0,22.0,0.1085
201701,54598.0,0,-2.774244881909116,1.345955153444467,-0.5669032258064516,0.932875,4.0,0.0,18.0,0.034
201702,56496.0,0,-7.011392725819743,-5.948246497807485,1.0550357142857143,1.5279545454545456,1.0,0.0,19.0,0.0359
201703,132205.0,1,3.747748249316585,2.131444198584398,5.873064516129032,1.5049090909090908,0.0,0.0,23.0,0.0679
201704,187239.0,1,-2.747180132503624,-3.357503273462037,13.568999999999999,3.62,0.0,0.0,20.0,0.0913
201705,209999.0,1,-3.1113285008660063,-8.04268450684319,18.478677419354838,2.6115625000000002,0.0,0.0,23.0,0.1065
201706,221887.0,2,2.1861794660015033,2.359312238708089,21.6061,3.27044,0.0,0.0,22.0,0.1117
201707,133520.0,2,3.3077790623140535,5.579591013974272,26.00474193548387,12.847000000000001,0.0,2.0,19.0,0.0767
201708,150796.0,2,7.360957496643783,6.860499318945967,24.84793548387097,9.80706896551724,0.0,1.0,22.0,0.0765
201709,193464.0,3,2.313674573150837,3.5022317338760045,20.094800000000003,6.594235294117647,0.0,1.0,20.0,0.0937
201710,138475.0,3,9.58664910194933,9.486611578749681,14.912806451612903,3.7315199999999997,0.0,0.0,22.0,0.0981
201711,221593.0,3,-0.8404088529265885,1.2825581656066065,6.3045,1.4410909090909092,0.0,0.0,22.0,0.112
201712,179677.0,0,4.706148760512963,7.454116719877235,-1.0334516129032258,1.012,5.0,0.0,16.0,0.1085
201801,42606.0,0,-3.9178358626951293,-5.24031490792235,-2.8296774193548386,1.1096666666666668,11.0,0.0,12.0,0.034
201802,43148.0,0,-0.8911872491036199,0.02265680396411618,-0.702392857142857,1.978263157894737,4.0,0.0,16.0,0.0359
201803,120281.0,1,6.417015782678592,8.823964749684032,7.832064516129033,6.4584705882352935,0.0,0.0,22.0,0.0679
201804,199054.0,1,12.483271826475129,8.996397395522738,13.046666666666665,6.7153809523809525,0.0,1.0,20.0,0.0913
201805,187907.0,1,1.612075654437306,-1.1034674738347627,17.584064516129033,5.9733846153846155,0.0,0.0,23.0,0.1065
201806,201718.0,2,2.622907294414234,-0.6400813335037947,22.07133333333333,7.188549999999999,0.0,3.0,18.0,0.1117
201807,149270.0,2,-1.9542027448647081,-0.86612110420895,26.355709677419355,9.11875,0.0,2.0,20.0,0.0767
201808,88664.0,2,2.891416465633889,6.5668295855422665,26.894193548387097,14.367888888888888,0.0,5.0,18.0,0.0765
201809,161931.0,3,8.543528077331942,2.7713523500977333,19.857366666666667,6.37603448275862,0.0,2.0,18.0,0.0937
201810,189444.0,3,-10.869395035093632,-17.417395097201226,12.403774193548387,8.351714285714285,0.0,2.0,21.0,0.0981
201811,167322.0,3,-17.044192063928065,-12.5729815450358,7.500533333333333,2.833727272727273,0.0,1.0,21.0,0.112
201812,170531.0,0,2.6161707107454024,3.0748740849349643,0.5539032258064516,1.1750769230769231,6.0,0.0,15.0,0.1085
201901,58246.0,0,9.747596623483368,9.300057232568104,-0.28332258064516125,0.6441000000000001,0.0,0.0,23.0,0.034
201902,71520.0,0,2.8036178751523755,3.6536361530231654,1.9784642857142856,1.8397222222222223,0.0,0.0,20.0,0.0359
201903,113366.0,1,0.3448873795765417,6.000576260213508,6.955387096774193,2.0728636363636364,0.0,0.0,21.0,0.0679
201904,148310.0,1,-4.647551165366326,-2.220529410185512,11.694133333333333,3.6905416666666664,0.0,0.0,22.0,0.0913
201905,187720.0,1,-7.086648945688079,-10.978093883357044,18.36758064516129,2.9546842105263154,0.0,0.0,23.0,0.1065
201906,178490.0,2,12.479667505397597,2.4202943013843514,20.9761,7.251347826086957,0.0,1.0,19.0,0.1117
201907,167278.0,2,-17.86759807207512,-6.558028917368652,24.527032258064516,8.434354838709679,0.0,1.0,22.0,0.0767
201908,94331.0,2,13.971673691998499,3.3998528055764643,25.87316129032258,6.342161290322581,0.0,1.0,21.0,0.0765
201909,154754.0,3,-24.62833627959543,-2.8575041092426146,21.1038,9.97096153846154,0.0,2.0,19.0,0.0937
201910,135118.0,3,-17.499670826047065,4.388932457012462,15.407322580645161,7.402961538461539,0.0,1.0,22.0,0.0981
201911,195417.0,3,8.313262568168067,4.702411138260132,7.905,4.0473333333333334,0.0,0.0,21.0,0.112
201912,198271.0,0,19.279542199059073,-0.9279644225265393,2.0057741935483873,1.2859629629629632,0.0,0.0,22.0,0.1085
202001,71464.0,0,-10.083867518967892,-15.660270441439527,2.1921935483870967,4.257666666666666,0.0,1.0,22.0,0.034
202002,28504.0,0,-32.23592808660128,-37.844247823222,3.0865172413793105,2.432592592592593,0.0,0.0,20.0,0.0359
202003,111430.0,1,-26.07782836848488,-39.50584813068879,7.5845161290322585,1.6607727272727273,0.0,0.0,22.0,0.0679
202004,179289.0,1,12.025660119767911,49.44544364508392,10.461433333333334,2.3895,0.0,0.0,22.0,0.0913
202005,211793.0,1,39.412813348029594,33.885789450563664,17.574387096774196,3.6778620689655175,0.0,0.0,21.0,0.1065
202006,190046.0,2,10.70243080540525,6.097986776613928,22.7256,7.601384615384616,0.0,1.0,21.0,0.1117
202007,88767.0,2,5.651317421342172,1.6380405899795836,22.294,14.961903225806452,0.0,6.0,17.0,0.0767
202008,96006.0,2,-6.209864243095964,-5.665329674559638,26.309548387096775,17.97255172413793,0.0,7.0,14.0,0.0765
202009,133440.0,3,2.127513757712385,-2.0100887834855086,19.860766666666667,9.613538461538461,0.0,3.0,19.0,0.0937
202010,157192.0,3,9.765296776441822,6.721187600293743,13.49867741935484,0.8855789473684211,0.0,0.0,22.0,0.0981
202011,183747.0,3,8.000657153674794,14.797374308224477,8.186466666666666,2.655,0.0,1.0,20.0,0.112
202012,172519.0,0,9.356453517903152,9.950316396501634,-0.09112903225806453,0.44122222222222224,4.0,0.0,19.0,0.1085
202101,44772.0,0,10.734281333091866,11.106039582268302,-1.3942903225806451,0.926076923076923,9.0,0.0,12.0,0.034
202102,58823.0,0,5.731898920093981,5.848899558108545,3.218857142857143,1.647125,1.0,0.0,19.0,0.0359
202103,123554.0,1,-3.104125982674877,-2.359819144494435,8.593129032258064,5.7285,0.0,1.0,22.0,0.0679
202104,126788.0,1,0.9908806235910728,5.437994773423349,13.038333333333332,4.492055555555556,0.0,1.0,21.0,0.0913
202105,172846.0,1,8.488774411612265,7.929612600538616,16.47809677419355,6.20024,0.0,1.0,20.0,0.1065
202106,201766.0,2,1.4617081391425701,1.8581077249759215,21.62,4.269607142857143,0.0,0.0,22.0,0.1117
202107,112630.0,2,-1.7712474737555217,-4.688234833045934,25.93348387096774,9.737296296296295,0.0,3.0,19.0,0.0767
202108,74097.0,2,10.858031945409774,4.4944297984522485,24.675806451612903,10.606064516129033,0.0,3.0,19.0,0.0765
202109,153135.0,3,8.228817086623552,12.36437756885367,21.225233333333332,5.821172413793104,0.0,1.0,21.0,0.0937
202110,153592.0,3,-8.15290329896805,-1.6045106067548387,14.839709677419355,3.65272,0.0,0.0,21.0,0.0981
202111,130795.0,3,-7.309090870050083,-8.83319568665738,8.0724,2.7612,0.0,0.0,22.0,0.112
202112,173796.0,0,14.413062183607872,14.032547332756007,1.550741935483871,0.7767692307692307,2.0,0.0,21.0,0.1085
202201,80310.0,0,9.41673702632093,10.64614050303556,-1.056225806451613,0.27625,1.0,0.0,20.0,0.034
202202,46071.0,0,22.29642622295762,20.092804474955518,-0.27828571428571436,0.3657142857142857,2.0,0.0,18.0,0.0359
202203,112298.0,1,4.52191188274611,-7.311006820084254,7.573129032258064,3.9605652173913044,0.0,0.0,23.0,0.0679
202204,120576.0,1,-4.882349364625771,5.200687937601733,13.7342,3.7997058823529413,0.0,0.0,21.0,0.0913
202205,144151.0,1,-5.976877571418604,4.72569039523123,17.908645161290323,0.5808695652173913,0.0,0.0,22.0,0.1065
202206,124601.0,2,-20.245389720254348,-8.935363582357937,22.284666666666666,7.707241379310345,0.0,2.0,20.0,0.1117
202207,96822.0,2,1.2533035523231595,-6.324801544841662,25.87751612903226,7.167193548387097,0.0,2.0,19.0,0.0767
202208,117223.0,2,-19.713108715992167,-5.890213719050264,25.085870967741936,13.558133333333332,0.0,5.0,18.0,0.0765
202209,104977.0,3,-4.45147744686124,0.24099518009639276,20.692833333333333,7.244708333333333,0.0,2.0,20.0,0.0937
202210,151908.0,3,7.566977992678026,-5.385164051355207,13.23167741935484,5.786192307692308,0.0,2.0,19.0,0.0981
202211,154932.0,3,-8.675829337783568,-10.468348086139267,9.3704,3.307952380952381,0.0,0.0,22.0,0.112
202212,100400.0,0,4.385262597909856,4.124669759061095,-1.6741290322580644,0.9624230769230769,5.0,0.0,17.0,0.1085
202301,35603.0,0,5.538491219126818,2.120816772850187,-0.8865483870967742,1.5271851851851852,5.0,0.0,17.0,0.034
202302,73309.0,0,5.116471220669183,-4.375925188063368,2.3528928571428573,1.868125,0.0,0.0,20.0,0.0359
202303,130555.0,1,11.51161500160407,6.2662465302228965,9.174774193548387,1.99675,0.0,0.0,23.0,0.0679
202304,151185.0,1,-8.317523610066345,-10.174080017438126,12.988166666666666,3.3929,0.0,0.0,20.0,0.0913
202305,131953.0,1,-0.7440461510417218,0.08848188502510457,17.895516129032256,7.519499999999999,0.0,3.0,20.0,0.1065
202306,160230.0,2,12.450535525493267,7.271799897988784,22.266266666666663,9.61016,0.0,2.0,20.0,0.1117
202307,121470.0,2,12.43908428661431,7.4828086948169,25.480870967741936,19.09144827586207,0.0,6.0,15.0,0.0767
202308,126103.0,2,-1.5900674824714467,7.917354459526238,26.315,11.934233333333333,0.0,3.0,20.0,0.0765
202309,112994.0,3,-11.433828438743154,-3.8050238561436522,22.287866666666666,8.774821428571428,0.0,3.0,18.0,0.0937
202310,121027.0,3,-4.7382557535222585,-6.9057463747330345,14.54816129032258,1.5988333333333333,0.0,0.0,22.0,0.0981
202311,165339.0,3,-2.351232733164943,-7.456440532600861,7.712233333333333,3.0210833333333333,0.0,0.0,22.0,0.112
202312,136593.0,0,0.22729591213024314,1.961122008192695,1.9283870967741936,4.550039999999999,5.0,2.0,14.0,0.1085
202401,58124.0,0,-1.7042390952334951,2.583742401139144,0.4356129032258065,1.5299565217391304,2.0,0.0,21.0,0.034
202402,51019.0,0,8.16807043058958,4.039723431941344,3.8913103448275863,4.111307692307692,0.0,0.0,21.0,0.0359
202403,127786.0,1,7.533084431183479,5.966163451598971,6.756354838709678,3.0063478260869565,0.0,0.0,21.0,0.0679
202404,143434.0,1,1.6788846486972986,-5.7609125182898735,14.7884,4.601555555555556,0.0,0.0,22.0,0.0913
202405,137674.0,1,-0.43900500908556905,-1.7689649228185167,17.651612903225807,6.332578947368421,0.0,1.0,22.0,0.1065
202406,154776.0,2,0.12602513761532652,1.5519307308425656,22.595166666666668,6.516333333333334,0.0,2.0,18.0,0.1117
202407,93055.0,2,-10.007626800465264,-7.436579374279228,26.068129032258064,14.12374193548387,0.0,5.0,18.0,0.0767
202408,102161.0,2,-7.110303227462323,-5.260477075930792,27.63058064516129,4.738600000000001,0.0,0.0,22.0,0.0765
202409,119981.0,3,5.203920123893924,1.940030703657869,24.35506666666667,10.435962962962963,0.0,2.0,19.0,0.0937
202410,170810.0,3,0.6296282485894089,-3.0986694117198677,15.92574193548387,4.884615384615385,0.0,2.0,21.0,0.0981
202411,160996.0,3,-1.2503034195653684,0.8485385006311574,9.449,2.5623666666666667,0.0,0.0,21.0,0.112
202412,137571.0,0,8.331767116627686,9.798314601262103,1.4044193548387096,0.5974827586206896,0.0,0.0,22.0,0.1085
202501,54598.0,0,1.9797867775965594,-3.096017584932187,-0.43248387096774193,1.1677916666666668,2.0,0.0,21.0,0.034
202502,30168.0,0,-5.554355275712308,-6.97219272268762,-0.7431785714285715,0.8084347826086957,4.0,0.0,16.0,0.0359
202503,66470.0,1,-8.612974761856817,-6.552361244549532,7.287612903225806,2.517863636363636,0.0,0.0,21.0,0.0679
202504,128074.0,1,0.8998485214875895,-5.91265698649206,12.895133333333332,3.4368499999999997,0.0,0.0,22.0,0.0913
202505,142233.0,1,6.116354083611797,8.685618199957368,16.67916129032258,5.190347826086956,0.0,1.0,21.0,0.1065
202506,174015.0,2,-9.298910524922576,2.306614792505113,22.505066666666668,8.16052,0.0,2.0,19.0,0.1117
202507,76743.0,2,-2.430653274261141,-2.089979876312942,26.75054838709677,11.779076923076921,0.0,2.0,21.0,0.0767
202508,99509.0,2,0.33676295860252115,0.9024088255910501,27.104161290322583,8.11683870967742,0.0,1.0,20.0,0.0765
202509,143900.0,3,-4.402659326539093,-8.02445390181431,,,,,,0.0937
